Los Angeles (incl San Pedro), [LOS ANGELES CA|USLAX|美西], 北美洲美西美国洛杉矶, "LOS ANGELES,CA(洛杉矶,加利福尼亚州)"
Long Beach, [LONG BEACH CA|USLGB|美西], 北美洲美西美国长滩, "LONG BEACH,CA(长滩,加利福尼亚州)"
Oakland, [OAKLAND CA|USOAK|美西], 北美洲美西美国奥克兰, "OAKLAND,CA(奥克兰,加利福尼亚州)"
Everett (Seattle Area), [EVERETT WA|USPAE|美西], 北美洲美西美国埃弗里特, "EVERETT,WA(埃弗里特,华盛顿州)"
Portland (US-Oregon), [PORTLAND OR |USPDX|美西], 北美洲美西美国波特兰, "PORTLAND,OR(波特兰,俄勒冈州)"
Seattle, [SEATTLE WA|USSEA|美西], 北美洲美西美国西雅图, "SEATTLE,WA(西雅图,华盛顿州)"
Tacoma, [TACOMA WA|USTIW|美西], 北美洲美西美国塔科马, "TACOMA,WA(塔科马,华盛顿州)"
Dutch Harbor, [DUTCH HARBOR AK|USDUT|阿拉斯加], 北美洲美国内陆点美国荷兰港, "DUTCH HARBOR,AK(荷兰港,阿拉斯加州)"
Honolulu, [HONOLULU HI|USHNL|夏威夷], 北美洲夏威夷美国火奴鲁鲁, "HONOLULU,HI(火奴鲁鲁)"
Baltimore, [BALTIMORE MD|USBAL|美东], 北美洲美国内陆点美国巴尔的摩, "BALTIMORE,MD(巴尔的摩,马里兰州)"
Boston, [BOSTON MA|USBOS|美东], 北美洲美东美国波士顿, "BOSTON,MA(波士顿,马萨诸塞州)"
Charleston, [CHARLESTON SC|USCHS|美东], 北美洲美东美国查尔斯顿, "CHARLESTON,SC(查尔斯顿,南卡罗来纳州)"
Bayport (TX), [HOUSTON TX|USHOU|美东], 北美洲美东美国休斯顿, "HOUSTON,TX(休斯顿,德克萨斯州)"
Houston, [HOUSTON TX|USHOU|美东], 北美洲美东美国休斯顿, "HOUSTON,TX(休斯顿,德克萨斯州)"
Wilmington (NC), [WILMINGTON NC|USILM|美东], 北美洲美东美国威尔明顿, "WILMINGTON,NC(威尔明顿,北卡罗来纳州)"
Jacksonville, [JACKSONVILLE FL|USJAX|美东], 北美洲美东美国杰克逊维尔, "JACKSONVILLE,FL(杰克逊维尔,佛罗里达州)"
Miami, [MIAMI FL|USMIA|美东], 北美洲美东美国迈阿密, "MIAMI,FL(迈阿密,佛罗里达州)"
Mobile, [MOBILE AL|USMOB|美东], 北美洲美东美国莫比尔, "MOBILE,AL(莫比尔,亚拉巴马州)"
New Orleans, [NEW ORLEANS LA|USMSY|美东], 北美洲美东美国新奥尔良, "NEW ORLEANS,LA(新奥尔良,路易斯安那州)"
Newark, [NEW YORK NY|USNYC|美东], 北美洲美东美国纽约, "NEW YORK,NY(纽约,纽约州)"
Norfolk (incl. Portsmouth), [NORFOLK VA|USORF|美东], 北美洲美东美国诺福克, "NORFOLK,VA(诺福克,弗吉尼亚州)"
Port Everglades, [PORT EVERGLADES FL|USPEF|美东], 北美洲美东美国埃弗格雷斯, "PORT EVERGLADES,FL(埃弗格雷斯,佛罗里达州)"
Philadelphia, [PHILADELPHIA PA|USPHL|美东],北美洲美东美国费城, "PHILADELPHIA,PA(费城,宾夕法尼亚州)"
Savannah, [SAVANNAH GA|USSAV|美东], 北美洲美东美国萨凡纳, "SAVANNAH,GA(萨瓦纳,佐治亚州)"
Tampa, [TAMPA FL|USTPA|美东], 北美洲美东美国坦帕, "TAMPA,FL(坦帕,佛罗里达州)"
Calgary, [CALGARY AB|CACAL|加拿大], 北美洲加拿大加拿大卡尔加里, "CALGARY,AB(卡尔加里)"
Edmonton, [EDMONTON AB|CAEDM|加拿大], 北美洲加拿大加拿大埃德蒙顿, "EDMONTON,AB(埃德蒙顿)"
Halifax, [HALIFAX NS|CAHAL|加拿大], 北美洲加拿大加拿大哈利法克斯, "HALIFAX,NS(哈利法克斯)"
Montreal, [MONTREAL QC|CAMTR|加拿大], 北美洲加拿大加拿大蒙特利尔, "MONTREAL,QC(蒙特利尔)"
Prince Rupert, [PRINCE RUPERT BC|CAPRR|加拿大], 北美洲加拿大加拿大鲁珀特港, "PRINCE RUPERT,BC(鲁珀特港)"
Toronto, [TORONTO ON|CATOR|加拿大], 北美洲加拿大加拿大多伦多, "TORONTO,ON(多伦多)"
Vancouver (Can), [VANCOUVER BC|CAVAN|加拿大], 北美洲加拿大加拿大温哥华, "VANCOUVER,BC(温哥华)"
Ensenada, [ENSENADA|MXESE|墨西哥], 拉丁美洲墨西哥墨西哥恩塞纳达, "ENSENADA(恩塞纳达)"
Lazaro Cardenas, [LAZARO CARDENAS|MXLZC|墨西哥], 拉丁美洲墨西哥墨西哥拉扎罗卡尔德纳斯, "LAZARO CARDENAS(拉萨罗卡德纳斯)"
Manzanillo (Mex), [MANZANILLO MX|MXZLO|墨西哥], 拉丁美洲墨西哥墨西哥墨西哥曼萨尼约, "MANZANILLO,MX(墨西哥曼萨尼约)"
Arica, [ARICA|CLARI|南美西], 拉丁美洲南美西智利阿里卡, "ARICA(阿里卡)"
Coronel, [CORONEL|CLCNL|南美西], 拉丁美洲南美西智利科罗内尔, "CORONEL(科罗内尔)"
Iquique, [IQUIQUE|CLIQQ|南美西], 拉丁美洲南美西智利伊基克, "IQUIQUE(伊基克)"
Lirquen, [LIRQUEN|CLLQN|南美西], 拉丁美洲南美西智利利尔昆, "LIRQUEN(利尔奎)"
Mejillones, [PUERTO ANGAMOS|CLPAG|南美西], 拉丁美洲南美西智利安加莫斯, "PUERTO ANGAMOS(安加莫斯)"
San Antonio, [SAN ANTONIO|CLSAI|南美西], 拉丁美洲南美西智利圣安东尼奥, "SAN ANTONIO,CHILE(圣安东尼奥,智利)"
San Vicente, [SAN VICENTE|CLSVE|南美西], 拉丁美洲南美西智利圣维森特, "SAN VICENTE,CHILE(圣文森特,智利)"
Valparaiso, [VALPARAISO|CLVAP|南美西], 拉丁美洲南美西智利瓦尔帕莱索, "VALPARAISO(瓦尔帕莱索)"
Barranquilla, [BARRANQUILLA|COBAQ|南美西], 拉丁美洲南美西哥伦比亚巴兰基亚, "BARRANQUILLA(巴兰基亚)"
Buenaventura, [BUENAVENTURA|COBUN|南美西], 拉丁美洲南美西哥伦比亚布埃纳文图拉, "BUENAVENTURA(布埃纳文图拉)"
Cartagena (Col), [CARTAGENA CO|COCTG|南美西], 拉丁美洲南美西哥伦比亚卡塔赫纳, "CARTAGENA,CO(卡塔赫纳,哥伦比亚)"
Guayaquil, [GUAYAQUIL|ECGYE|南美西], 拉丁美洲南美西厄瓜多尔瓜亚基尔, "GUAYAQUIL(瓜亚基尔)"
Posorja (Guayaquil Area), [POSORJA|ECPSJ|南美西], 拉丁美洲南美西厄瓜多尔波索尔哈, "POSORJA(波索尔哈)"
Chancay, [CHANCAY|PECHY|南美西], 拉丁美洲南美西秘鲁钱凯, "CHANCAY(钱凯港)"
Callao, [CALLAO|PECLL|南美西], 拉丁美洲南美西秘鲁卡亚俄, "CALLAO(卡亚俄)"
Buenos Aires, [BUENOS AIRES|ARBUE|南美东], 拉丁美洲南美东阿根廷布宜诺斯艾利斯, "BUENOS AIRES(布宜诺斯艾利斯)"
Imbituba, [IMBITUBA|BRIBB|南美东], 拉丁美洲南美东巴西因比图巴, "IMBITUBA(因比图巴)"
Itaguai, [ITAGUAI|BRIGI|南美东], 拉丁美洲南美东巴西伊塔瓜伊, "ITAGUAI(伊塔瓜伊)"
Itapoa, [ITAPOA|BRIOA|南美东], 拉丁美洲南美东巴西伊塔帕亚, "ITAPOA(伊塔帕亚)"
Itajai, [ITAJAI|BRITJ|南美东], 拉丁美洲南美东巴西伊塔雅伊, "ITAJAI(伊塔雅伊)"
Navegantes, [NAVEGANTES|BRNVT|南美东], 拉丁美洲南美东巴西纳维根特斯, "NAVEGANTES(纳维根特斯)"
Pecem, [PECEM|BRPEC|南美东], 拉丁美洲南美东巴西培森, "PECEM(培森)"
Paranagua, [PARANAGUA|BRPNG|南美东], 拉丁美洲南美东巴西巴拉那瓜, "PARANAGUA(巴拉那瓜)"
Rio Grande, [RIO GRANDE|BRRIG|南美东], 拉丁美洲南美东巴西里奥格兰德, "RIO GRANDE(里奥格兰德)"
Rio de Janeiro, [RIO DE JANEIRO|BRRIO|南美东], 拉丁美洲南美东巴西里约热内卢, "RIO DE JANEIRO(里约热内卢)"
Salvador (aka Bahia), [SALVADOR|BRSSA|南美东], 拉丁美洲南美东巴西萨尔瓦多, "SALVADOR(萨尔瓦多,巴西)"
Santos, [SANTOS|BRSSZ|南美东], 拉丁美洲南美东巴西桑托斯, "SANTOS(桑托斯)"
Suape, [SUAPE|BRSUA|南美东], 拉丁美洲南美东巴西苏阿普, "SUAPE(苏阿普)"
Vitoria, [VITORIA BR|BRVIX|南美东], 拉丁美洲南美东巴西维多利亚, "VITORIA,BR(维多利亚,巴西)"
Asuncion, [ASUNCION|PYASU|南美东], 拉丁美洲南美东巴拉圭亚松森, "ASUNCION(亚松森)"
Montevideo, [MONTEVIDEO UY|UYMVD|南美东], 拉丁美洲南美东乌拉圭蒙得维的亚, "MONTEVIDEO,UY(蒙得维的亚)"
Freeport (Bah), [FREEPORT|BSFPO|中美洲], 拉丁美洲中美洲巴哈马巴哈马自由港, "FREE PORT,BS(巴哈马自由港)"
Puerto Caldera, [PUERTO CALDERA|CRPTC|中美洲], 拉丁美洲中美洲哥斯达黎加卡尔德拉, "PUERTO CALDERA(卡尔德拉)"
Caucedo, [CAUCEDO|DOCAU|中美洲], 拉丁美洲中美洲多米尼加考赛多, "CAUCEDO(考赛多)"
Puerto Quetzal, [PUERTO QUETZAL|GTPRQ|中美洲], 拉丁美洲中美洲危地马拉库特扎尔, "PUERTO QUETZAL(库特扎尔)"
Puerto Cortes, [PUERTO CORTES|HNPCR|中美洲], 拉丁美洲中美洲洪都拉斯科尔特斯, "PUERTO CORTES(科尔特斯)"
Kingston, [KINGSTON JM|JMKIN|中美洲], 拉丁美洲中美洲牙买加金斯敦, "KINGSTON,JM(金士顿)"
Corinto, [CORINTO|NICIO|中美洲], 拉丁美洲中美洲尼加拉瓜科林托, "CORINTO(科林托)"
Balboa, [BALBOA|PABLB|中美洲], 拉丁美洲中美洲巴拿马巴尔博亚, "BALBOA(巴尔博亚)"
Colon Free Zone, [COLON FREE ZONE|PACFZ|中美洲], 拉丁美洲中美洲巴拿马科隆自贸区, "COLON FREE ZONE(科隆自贸区)"
Cristobal, [CRISTOBAL|PACTB|中美洲], 拉丁美洲中美洲巴拿马克里斯托瓦尔, "CRISTOBAL(克里斯托瓦尔)"
Manzanillo (Pan), [MANZANILLO PA|PAMIT|中美洲], 拉丁美洲中美洲巴拿马曼萨尼约, "MANZANILLO,PA(巴拿马曼萨尼约)"
Colon, [COLON（CCT）|PAONX|中美洲], 拉丁美洲中美洲巴拿马科隆（CCT）, "COLON（CCT）(科隆（CCT）)"
Acajutla, [ACAJUTLA|SVAQJ|中美洲], 拉丁美洲中美洲萨尔瓦多阿卡胡特拉, "ACAJUTLA(阿卡胡特拉)"
Port of Spain, [PORT OF SPAIN|TTPOS|中美洲], 拉丁美洲中美洲特立尼达和多巴哥西班牙港, "PORT OF SPAIN(西班牙港)"
La Guaira, [LA GUAIRA|VELAG|中美洲], 拉丁美洲中美洲委内瑞拉拉瓜伊拉, "LA GUAIRA(拉瓜伊拉)"
Puerto Cabello, [PUERTO CABELLO|VEPBL|中美洲], 拉丁美洲中美洲委内瑞拉卡贝略, "PUERTO CABELLO(卡贝略)"
Antwerp, [ANTWERP|BEANR|欧基港], 欧洲欧基港比利时安特卫普, "ANTWERP(安特卫普)"
Zeebrugge, [ZEEBRUGGE|BEZEE|欧基港], 欧洲欧基港比利时泽布吕赫, "ZEEBRUGGE(泽布吕赫)"
Bremerhaven, [BREMERHAVEN|DEBRV|欧基港], 欧洲欧基港德国不来梅哈芬, "BREMERHAVEN(不来梅哈芬)"
Hamburg, [HAMBURG DE|DEHAM|欧基港], 欧洲欧基港德国汉堡, "HAMBURG(汉堡)"
Le Havre, [LE HAVRE|FRLEH|欧基港], 欧洲欧基港法国勒阿弗尔, "LE HAVRE(勒阿弗尔)"
Felixstowe, [FELIXSTOWE|GBFXT|欧基港], 欧洲欧基港英国费利克斯托, "FELIXSTOWE(费利克斯托)"
Southampton, [SOUTHAMPTON UK|GBSOU|欧基港], 欧洲欧基港英国南安普顿, "SOUTHAMPTON,UK(南安普顿)"
Rotterdam, [ROTTERDAM NL|NLRTM|欧基港], 欧洲欧基港荷兰鹿特丹, "ROTTERDAM,NL(鹿特丹)"
Wilhelmshaven, [WILHELMSHAVEN|DEWVN|欧洲偏港], 欧洲偏港德国威廉港, "WILHELMSHAVEN(威廉港)"
Aarhus, [AARHUS|DKAAR|欧洲偏港], 欧洲偏港丹麦奥尔胡斯, "AARHUS(奥尔胡斯)"
Dunkirk, [DUNKERQUE|FRDKK|欧洲偏港], 欧洲偏港法国敦刻尔克, "DUNKERQUE(敦刻尔克)"
London Gateway Port, [LONDON GATEWAY|GBLGP|欧洲偏港], 欧洲偏港英国伦敦口岸, "LONDON GATEWAY(伦敦口岸)"
Budapest, [BUDAPEST|HUBUD|欧洲偏港], 欧洲欧洲偏港匈牙利布达佩斯, "BUDAPEST(布达佩斯)"
Dublin, [DUBLIN|IEDUB|欧洲偏港], 欧洲欧洲偏港爱尔兰都柏林, "DUBLIN(都柏林)"
Klaipeda, [KLAIPEDA|LTKLJ|欧洲偏港], 欧洲偏港立陶宛克莱佩达, "KLAIPEDA(克莱佩达)"
Gdansk, [GDANSK|PLGDN|欧洲偏港], 欧洲偏港波兰格丹斯克, "GDANSK(格丹斯克)"
Gdynia, [GDYNIA|PLGDY|欧洲偏港], 欧洲偏港波兰格丁尼亚, "GDYNIA(格丁尼亚)"
Leixoes, [LEIXOES|PTLEI|欧洲偏港], 欧洲欧洲偏港葡萄牙雷克索斯, "LEIXOES(雷克索斯)"
Sines, [SINES|PTSIE|欧洲偏港], 欧洲偏港葡萄牙锡尼什港, "SINES(锡尼什港)"
St Petersburg, [SAINT PETERSBURG RU|RULED|欧洲偏港], 欧洲偏港俄罗斯圣彼得堡, "SAINT PETERSBURG,RU(圣彼得堡)"
Novorossiysk, [NOVOROSSIYSK|RUNVS|欧洲偏港], 欧洲偏港俄罗斯新罗西斯克, "NOVOROSSIYSK(新罗西斯克)"
Goteborg, [GOTHENBURG|SEGOT|欧洲偏港], 欧洲偏港瑞典哥德堡, "GOTHENBURG(哥德堡)"
Malaga, [MALAGA ES|ESAGP|地西], 欧洲地西西班牙马拉加, "MALAGA,ES(马拉加)"
Algeciras, [ALGECIRAS|ESALG|地西], 欧洲地西西班牙阿尔赫西拉斯, "ALGECIRAS(阿尔赫西拉斯)"
Barcelona, [BARCELONA|ESBCN|地西], 欧洲地西西班牙巴塞罗纳, "BARCELONA(巴塞罗纳)"
Valencia, [VALENCIA ES|ESVLC|地西], 欧洲地西西班牙瓦伦西亚, "VALENCIA,ES(瓦伦西亚)"
Fos, [FOS SUR MER|FRFOS|地西], 欧洲地西法国福斯, "FOS SUR MER(福斯)"
Gioia Tauro, [GIOIA TAURO|ITGIT|地西], 欧洲地西意大利焦亚陶罗, "GIOIA TAURO(焦亚陶罗)"
Genoa, [GENOA IT|ITGOA|地西], 欧洲地西意大利热那亚, "GENOA,IT(热那亚)"
Naples, [NAPLES IT|ITNAP|地西], 欧洲地西意大利那不勒斯, "NAPLES,IT(那不勒斯)"
La Spezia, [LA SPEZIA|ITSPE|地西], 欧洲地西意大利拉斯佩齐亚, "LA SPEZIA(拉斯佩齐亚)"
Vado Ligure, [VADO LIGURE|ITVDL|地西], 欧洲地西意大利瓦多利古雷, "VADO LIGURE(瓦多利古雷)"
Marsaxlokk, [MARSAXLOKK MT|MTMAR|地西], 欧洲地西马耳他马尔萨什洛克, "MALTA,MT--MARSAXLOKK(马尔萨什洛克)"
DURRES, [DURRES|ALDRZ|地东], 欧洲地东阿尔巴尼亚都拉斯, "DURRES(都拉斯)"
Abu Qir, [ABU KIR|EGAKI|地东], 欧洲地东埃及阿布基尔, "ABU KIR(阿布基尔)"
Alexandria, [ALEXANDRIA|EGALY|地东], 欧洲地东埃及亚历山大, "ALEXANDRIA(亚历山大)"
Damietta, [DAMIETTA|EGDAM|地东], 欧洲地东埃及达米埃塔, "DAMIETTA(达米埃塔)"
El Dekheila, [EL DEKHEILA|EGEDK|地东], 欧洲地东埃及亚历山大新港, "EL DEKHEILA(亚历山大新港)"
Port Said, [PORT SAID|EGPSD|地东], 欧洲地东埃及塞得港, "PORT SAID(塞得港)"
Port Said East, [PORT SAID EAST|EGPSE|地东], 欧洲地东埃及塞得东港, "PORT SAID EAST(塞得东港)"
Port Said West, [PORT SAID WEST|EGPSW|地东], 欧洲地东埃及塞得西港, "PORT SAID WEST(塞得西港)"
Piraeus, [PIRAEUS|GRPIR|地东], 欧洲地东希腊比雷埃夫斯, "PIRAEUS(比雷埃夫斯)"
Thessaloniki, [THESSALONIKI|GRSKG|地东], 欧洲地东希腊塞萨洛尼基, "THESSALONIKI(塞萨洛尼基)"
Rijeka, [RIJEKA|HRRJK|地东], 欧洲地东克罗地亚里耶卡, "RIJEKA(里耶卡)"
Ashdod, [ASHDOD|ILASH|地东], 欧洲地东以色列阿什杜德, "ASHDOD(阿什杜德)"
Haifa, [HAIFA|ILHFA|地东], 欧洲地东以色列海法, "HAIFA(海法)"
Trieste, [TRIESTE|ITTRS|地东], 欧洲地东意大利的里雅斯特, "TRIESTE(的里雅斯特)"
Venice, [VENICE|ITVCE|地东], 欧洲地东意大利威尼斯, "VENICE(威尼斯)"
Beirut, [BEIRUT|LBBEY|地东], 欧洲地东黎巴嫩贝鲁特, "BEIRUT(贝鲁特)"
Koper, [KOPER|SIKOP|地东], 欧洲地东斯洛文尼亚科佩尔, "KOPER(科佩尔)"
Nemrut Bay, [IZMIR--ALIAGA|TRALI|地东], 欧洲地东土耳其阿利亚加, "IZMIR--ALIAGA(阿利亚加)"
Derince, [DERINCE|TRDRC|地东], 欧洲地东土耳其代林杰, "DERINCE(代林杰)"
Iskenderun, [ISKENDERUN|TRISK|地东], 欧洲地东土耳其伊斯肯德伦, "ISKENDERUN(伊斯肯德伦)"
Mersin, [MERSIN|TRMER|地东], 欧洲地东土耳其梅尔辛, "MERSIN(梅尔辛)"
Tekirdag, [TEKIRDAG|TRTEK|地东], 欧洲地东土耳其特基尔达, "TEKIRDAG(特基尔达)"
Yarimca, [IZMIT--YARIMCA|TRYAR|地东], 欧洲地东土耳其亚勒姆贾, "IZMIT--YARIMCA(亚勒姆贾)"
VARNA, [VARNA|BGVAR|黑海], 欧洲黑海保加利亚瓦尔纳, "VARNA(瓦尔纳)"
Poti, [POTI|GEPTI|黑海], 欧洲黑海格鲁吉亚波提, "POTI(波提)"
Constanta, [CONSTANTA|ROCND|黑海], 欧洲黑海罗马尼亚康斯坦察, "CONSTANTA(康斯坦察)"
Izmit, [IZMIT--EVYAP|TREYP|黑海], 欧洲黑海土耳其艾维亚普, "IZMIT--EVYAP(艾维亚普)"
Gebze, [GEBZE|TRGEB|黑海], 欧洲黑海土耳其格贝兹, GEBZE(格贝兹)
Gemlik, [GEMLIK|TRGEM|黑海], 欧洲黑海土耳其盖姆利克, "GEMLIK(盖姆利克)"
Ambarli (Istanbul Area), [ISTANBUL|TRIST|黑海], 欧洲黑海土耳其伊斯坦布尔, "ISTANBUL(伊斯坦布尔)"
Odesa, [ODESSA|UAODS|黑海], 欧洲黑海乌克兰敖德萨, "ODESSA,UA(敖德萨)"
Algiers, [ALGER DZ|DZALG|北非], 非洲北非阿尔及利亚阿尔及尔, "ALGER,DZ(阿尔及尔)"
Misurata, [MISURATA|LYMRA|北非], 非洲北非利比亚米苏拉塔, "MISURATA(米苏拉塔)"
Casablanca, [CASABLANCA|MACAS|北非], 非洲北非摩洛哥卡萨布兰卡, "CASABLANCA(卡萨布兰卡)"
Tanger Med, [TANGIER MA|MATNG|北非], 非洲北非摩洛哥丹吉尔, "TANGIER,MA(丹吉尔)"
Ajman, [AJMAN|AEAJM|中东], 中东印巴红海中东阿联酋阿治曼, "AJMAN(阿治曼)"
Khalifa Seaport, [ABU DHABI|AEAUH|中东], 中东印巴红海中东阿联酋阿布扎比, "ABU DHABI(阿布扎比)"
Jebel Ali (Dubai), [JEBEL ALI DUBAI|AEJEA|中东], 中东印巴红海中东阿联酋杰贝阿里, "JEBEL ALI(杰贝阿里)"
Khor Fakkan, [KHOR FAKKAN|AEKLF|中东], 中东印巴红海中东阿联酋豪尔法坎, "KHOR FAKKAN(豪尔法坎)"
Sharjah, [SHARJAH|AESHJ|中东], 中东印巴红海中东阿联酋沙迦, "SHARJAH(沙迦)"
Bahrain, [BAHRAIN|BHBAH|中东], 中东印巴红海中东巴林巴林, "BAHRAIN(巴林)"
Umm Qasr, [UMM QASAR|IQUQR|中东], 中东印巴红海中东伊拉克乌姆盖斯尔, "UMM QASR(乌姆盖斯尔)"
Bandar Abbas, [BANDAR ABBAS|IRBND|中东], 中东印巴红海中东伊朗阿巴斯港, "BANDAR ABBAS(阿巴斯)"
Chabahar, [CHABAHAR|IRZBR|中东], 中东印巴红海中东伊朗查巴哈, "CHABAHAR(查巴哈)"
Shuaiba, [SHUAIBA|KWSAA|中东], 中东印巴红海中东科威特科威特舒艾拜, "KUWAIT--SHUAIBA(科威特舒艾拜)"
Shuwaikh, [SHUWAIKH|KWSWK|中东], 中东印巴红海中东科威特科威特舒瓦克, "KUWAIT--SHUWAIKH(科威特舒瓦赫)"
Tripoli (Lebanon), [TRIPOLI|LBKYE|中东], 中东印巴红海中东黎巴嫩的黎波里, "TRIPOLI,LEBANON(的黎波里,黎巴嫩)"
Duqm, [DUQM|OMDQM|中东], 中东印巴红海中东阿曼达克姆, "DUQM(达克姆)"
Salalah, [SALALAH|OMSLL|中东], 中东印巴红海中东阿曼萨拉莱, "SALALAH(萨拉拉)"
Sohar, [SOHAR|OMSOH|中东], 中东印巴红海中东阿曼苏哈, "SOHAR(苏哈)"
Hamad Port (Doha New Port), [HAMAD PORT DOHA|QAHMD|中东], 中东印巴红海中东卡塔尔哈马德港, "HAMAD PORT,DOHA(哈马德港)"
Dammam, [DAMMAM|SADMM|中东], 中东印巴红海中东沙特阿拉伯达曼, "DAMMAM(达曼)"
Jubail, [JUBAIL|SAJUB|中东], 中东印巴红中东印巴红海中东阿联酋富查伊拉, "FUJAIRAH(富查伊拉)"
Riyadh, [RIYADH|SARYP|中东], 中东印巴红海中东沙特阿拉伯利雅得, "RIYADH(利雅得)"
Djibouti, [DJIBOUTI|DJJIB|红海], 中东印巴红海吉布提吉布提, "DJIBOUTI(吉布提)"
Sokhna, [SOKHNA|EGSOK|红海], 中东印巴红海埃及苏科纳, "SOKHNA(苏科纳)"
Aqaba, [AQABAH|JOAQJ|红海], 中东印巴红海约旦亚喀巴, "AQABAH(亚喀巴)"
Jazan Economic City, [JAZAN ECONOMIC CITY|SAJEC|红海], 中东印巴红海沙特阿拉伯吉赞经济城, "JAZAN ECONOMIC CITY(吉赞经济城)"
Jeddah, [JEDDAH|SAJED|红海], 中东印巴红海红海沙特阿拉伯吉达, "JEDDAH(吉达)"
King Abdullah City, [KING ABDULLAH PORT|SAKAC|红海], 中东印巴红海红海沙特阿拉伯阿卜杜拉, "KING ABDULLAH PORT(阿卜杜拉)"
Aden, [ADEN|YEADE|红海], 中东印巴红海也门亚丁, "ADEN(亚丁)"
Hodeidah, [HODEIDAH|YEHOD|红海], 中东印巴红海红海也门荷台达, "HODEIDAH(荷台达)"
Chittagong, [CHATTOGRAM CHITTAGONG|BDCGP|印巴], 中东印巴红海印巴孟加拉吉大港, "CHATTOGRAM(吉大港)"
Mongla, [MONGLA|BDMGL|印巴], 中东印巴红海印巴孟加拉蒙格拉, "MONGLA(蒙格拉)"
Calcutta, [CALCUTTA|INCCU|印巴], 中东印巴红海印巴印度加尔各答, "CALCUTTA(加尔各答)"
Cochin, [COCHIN|INCOK|印巴], 中东印巴红海印巴印度科钦, "COCHIN(科钦)"
Ennore (aka Kamarajar), [ENNORE|INENR|印巴], 中东印巴红海印巴印度印诺尔港, "ENNORE(印诺尔港)"
Gangavaram, [GANGAVARAM|INGGV|印巴], 中东印巴红海印巴印度甘瓦兰姆, "GANGAVARAM(甘瓦兰姆)"
Haldia, [HALDIA|INHAL|印巴], 中东印巴红海印巴印度霍尔迪亚, "HALDIA(霍尔迪亚)"
Hazira, [HAZIRA|INHZR|印巴], 中东印巴红海印巴印度哈吉拉, "HAZIRA(哈吉拉)"
Kattupalli, [KATTUPALLI|INKAT|印巴], 中东印巴红海印巴印度卡图帕里, "KATTUPALLI(卡图帕里)"
Chennai, [CHENNAI|INMAA|印巴], 中东印巴红海印巴印度清奈, "CHENNAI(清奈)"
Mundra, [MUNDRA|INMUN|印巴], 中东印巴红海印巴印度蒙德拉, "MUNDRA(蒙德拉)"
Mangalore, [NEW MANGALORE|INNML|印巴], 中东印巴红海印巴印度新芒格洛尔, "NEW MANGALORE(新芒格洛尔)"
Nhava Sheva, [NHAVA SHEVA|INNSA|印巴], 中东印巴红海印巴印度那瓦西瓦, "NHAVA SHEVA(那瓦西瓦)"
Pipavav, [PIPAVAV|INPAV|印巴], 中东印巴红海印巴印度皮帕瓦, "PIPAVAV(皮帕瓦)"
Tuticorin, [TUTICORIN|INTUT|印巴], 中东印巴红海印巴印度杜蒂戈林, "TUTICORIN(杜蒂戈林)"
Visakhapatnam, [VISAKHAPATNAM VIZAG|INVTZ|印巴], 中东印巴红海印巴印度维沙卡帕特南, "VISAKHAPATNAM(维沙卡帕特南)"
Vizhinjam, [VIZHINJAM|INVZJ|印巴], 中东印巴红海印巴印度维津贾姆港, "VIZHINJAM(维津贾姆港)"
Colombo, [COLOMBO|LKCMB|印巴], 中东印巴红海印巴斯里兰卡科伦坡, "COLOMBO(科伦坡)"
Hambantota, [HAMBANTOTA|LKHBA|印巴], 中东印巴红海印巴斯里兰卡汉班托塔, "HAMBANTOTA(汉班托塔)"
Male, [MALE|MVMLM|印巴], 中东印巴红海印巴马尔代夫马累, "MALE(马累)"
Port Qasim, [KARACHI--PORT QASIM|PKBQM|印巴], 中东印巴红海印巴巴基斯坦卡拉奇Q港, "KARACHI--PORT QASIM(卡拉奇Q港)"
Karachi, [KARACHI|PKKHI|印巴], 中东印巴红海印巴巴基斯坦卡拉奇, "KARACHI(卡拉奇)"
Adelaide, [ADELAIDE|AUADL|澳大利亚], 澳洲澳大利亚澳大利亚阿德莱德, "ADELAIDE(阿德莱德)"
Brisbane, [BRISBANE AU|AUBNE|澳大利亚], 澳洲澳大利亚澳大利亚布里斯班, "BRISBANE,AU(布里斯班)"
Dampier, [DAMPIER|AUDAM|澳大利亚], 澳洲澳大利亚澳大利亚丹皮尔, "DAMPIER(丹皮尔)"
Darwin, [DARWIN|AUDRW|澳大利亚], 澳洲澳大利亚澳大利亚达尔文, "DARWIN(达尔文)"
Fremantle, [FREMANTLE AU|AUFRE|澳大利亚], 澳洲澳大利亚澳大利亚弗里曼特尔, "FREMANTLE,AU(弗里曼特尔)"
Gladstone, [GLADSTONE AU|AUGLT|澳大利亚], 澳洲澳大利亚澳大利亚格拉德斯通, "GLADSTONE,AU(格拉德斯通)"
Melbourne, [MELBOURNE AU|AUMEL|澳大利亚], 澳洲澳大利亚澳大利亚墨尔本, "MELBOURNE,AU(墨尔本)"
Newcastle Australia, [NEWCASTLE AU|AUNTL|澳大利亚], 澳洲澳大利亚澳大利亚纽卡斯尔, "NEWCASTLE,AU(纽卡斯尔)"
Port Hedland, [PORT HEDLAND|AUPHE|澳大利亚], 澳洲澳大利亚澳大利亚黑德兰港, "PORT HEDLAND(黑德兰港)"
Port Kembla, [PORT KEMBLA|AUPKL|澳大利亚], 澳洲澳大利亚澳大利亚肯布拉港, "PORT KEMBLA(肯布拉港)"
Sydney (Botany Bay), [SYDNEY AU|AUSYD|澳大利亚], 澳洲澳大利亚澳大利亚悉尼, "SYDNEY,AU(悉尼)"
Townsville, [TOWNSVILLE|AUTSV|澳大利亚], 澳洲澳大利亚澳大利亚汤斯维尔, "TOWNSVILLE(汤斯维尔)"
Christmas Island (Kiritimati), [CHRISTMAS ISLAND|CXXCH|澳大利亚], 澳洲澳大利亚基里巴斯圣诞岛, "CHRISTMAS ISLAND(圣诞岛)"
Auckland, [AUCKLAND NZ|NZAKL|新西兰], 澳洲新西兰新西兰奥克兰, "AUCKLAND,NZ(奥克兰)"
Bluff, [BLUFF NZ|NZBLU|新西兰], 澳洲新西兰新西兰布拉夫, "BLUFF,NZ(布拉夫)"
Lyttelton (Christchurch), [LYTTELTON|NZLYT|新西兰], 澳洲新西兰新西兰利特尔顿, "LYTTELTON(利特尔顿)"
Marsden Point, [MARSDEN POINT|NZMAP|新西兰], 澳洲新西兰新西兰麦斯登角, "MARSDEN POINT(麦斯登角)"
Napier, [NAPIER NZ|NZNPE|新西兰], 澳洲新西兰新西兰纳皮尔, "NAPIER,NZ(纳皮尔)"
Nelson, [NELSON NZ|NZNSN|新西兰], 澳洲新西兰新西兰尼尔森, "NELSON,NZ(尼尔森)"
Otago (Port Chalmers), [PORT CHALMERS|NZPOE|新西兰], 澳洲新西兰新西兰查尔莫斯, "PORT CHALMERS(查尔莫斯)"
Timaru, [TIMARU NZ|NZTIU|新西兰], 澳洲新西兰新西兰蒂马鲁, "TIMARU,NZ(蒂马鲁)"
Tauranga, [TAURANGA NZ|NZTRG|新西兰], 澳洲新西兰新西兰陶朗阿, "TAURANGA,NZ(陶朗阿)"
Wellington, [WELLINGTON NZ|NZWLG|新西兰], 澳洲新西兰新西兰惠灵顿, "WELLINGTON,NZ(惠灵顿)"
Pago Pago, [PAGO PAGO|ASPPG|南太平洋], 澳洲南太平洋萨摩亚帕果帕果, "PAGO PAGO(帕果帕果)"
Lautoka, [LAUTOKA|FJLTK|南太平洋], 澳洲南太平洋斐济劳托卡, "LAUTOKA(劳托卡)"
Suva, [SUVA|FJSUV|南太平洋], 澳洲南太平洋斐济苏瓦, "SUVA(苏瓦)"
Kosrae, [KOSRAE|FMKSA|南太平洋], 澳洲南太平洋密克罗尼西亚联邦科斯雷岛, "KOSRAE(科斯雷岛)"
Pohnpei, [POHNPEI|FMPNI|南太平洋], 澳洲南太平洋密克罗尼西亚联邦波纳佩, "POHNPEI(波纳佩)"
Chuuk Archipelago (Weno Island), [CHUUK|FMTKK|南太平洋], 澳洲南太平洋密克罗尼西亚联邦楚克, "CHUUK(楚克)"
Tarawa, [TARAWA|KITRW|南太平洋], 澳洲南太平洋基里巴斯塔拉瓦, "TARAWA(塔拉瓦)"
Majuro, [MAJURO|MHMAJ|南太平洋], 澳洲南太平洋马绍尔群岛马朱罗, "MAJURO(马朱罗)"
Kwajelein Archipelago (Ebeye Island), [EBEYE|MHQEE|南太平洋], 澳洲南太平洋马绍尔群岛埃贝耶, "EBEYE(埃贝耶)"
Baie de Prony, [BAIE DE PRONY|NCBDB|南太平洋], 澳洲南太平洋新喀里多尼亚普罗尼湾, "BAIE DE PRONY(普罗尼湾)"
Noumea, [NOUMEA|NCNOU|南太平洋], 澳洲南太平洋新喀里多尼亚努美阿, "NOUMEA(努美阿)"
Vavouto, [VAVOUTO|NCVAV|南太平洋], 澳洲南太平洋新喀里多尼亚瓦奥特, "VAVOUTO(瓦奥特)"
Papeete, [PAPEETE|PFPPT|南太平洋], 澳洲南太平洋波利尼西亚帕皮提, "PAPEETE(帕皮提)"
Basamuk, [BASAMUK|PGBAS|南太平洋], 澳洲南太平洋巴布亚新几内亚巴萨穆克, "BASAMUK(巴萨穆克)"
Kimbe, [KIMBE|PGKIM|南太平洋], 澳洲南太平洋巴布亚新几内亚金贝, "KIMBE(金贝)"
Lae, [LAE|PGLAE|南太平洋], 澳洲南太平洋巴布亚新几内亚莱城, "LAE(莱城)"
Lihir Island, [LIHIR|PGLNV|南太平洋], 澳洲南太平洋巴布亚新几内亚利海尔, "LIHIR(利海尔)"
Madang, [MADANG|PGMAG|南太平洋], 澳洲南太平洋巴布亚新几内亚马当, "MADANG(马当)"
Port Moresby, [PORT MORESBY|PGPOM|南太平洋], 澳洲南太平洋巴布亚新几内亚莫尔兹比港, "PORT MORESBY(莫尔兹比港)"
Rabaul, [RABAUL|PGRAB|南太平洋], 澳洲南太平洋巴布亚新几内亚腊包儿, "RABAUL(腊包儿)"
Honiara, [HONIARA|SBHIR|南太平洋], 澳洲南太平洋所罗门群岛霍尼亚拉, "HONIARA(霍尼亚拉)"
Noro, [NORO|SBNOR|南太平洋], 澳洲南太平洋所罗门群岛诺罗, "NORO(诺罗)"
Dili, [DILI|TLDIL|南太平洋], 澳洲南太平洋东帝汶帝力, "DILI(帝力)"
Nuku'alofa, [NUKUALOFA|TOTBU|南太平洋], 澳洲南太平洋汤加努库阿洛法, "NUKUALOFA(努库阿洛法)"
Luganville (Espiritu Santo Island), [SANTO VU|VUSAN|南太平洋], 澳洲南太平洋瓦努阿图桑托岛, "SANTO,VU(桑托岛)"
Port Vila (Efate Island), [PORT VILA|VUVLI|南太平洋], 澳洲南太平洋瓦努阿图维拉港, "PORT VILA(维拉港)"
Apia (Upolu Island), [APIA|WSAPW|南太平洋], 澳洲南太平洋萨摩亚阿皮亚, "APIA(阿皮亚)"
Yap, [YAP|FMYAP|西太平洋], 东南亚西太平洋密克罗尼西亚联邦雅浦, "YAP(雅浦)"
Apra, [GUAM|GUAPR|西太平洋], 东南亚西太平洋美国关岛, "GUAM(关岛)"
Tanapag (Saipan Island), [SAIPAN|MPSPN|西太平洋], 东南亚西太平洋美国塞班岛, "SAIPAN(塞班岛)"
Koror, [KOROR|PWROR|西太平洋], 东南亚西太平洋帕劳科罗尔, "KOROR(科罗尔)"
Lamu, [LAMU|KELAU|东非], 非洲东非肯尼亚拉穆港, "LAMU(拉穆)"
Mombasa, [MOMBASA|KEMBA|东非], 非洲东非肯尼亚蒙巴萨, "MOMBASA(蒙巴萨)"
Toamasina, [TAMATAVE|MGTMM|东非], 非洲东非马达加斯加图塔马塔夫, "TAMATAVE(塔马塔夫)"
Port Louis, [PORT LOUIS|MUPLU|东非], 非洲东非毛里求斯路易港, "PORT LOUIS(路易斯港)"
Beira, [BEIRA|MZBEW|东非], 非洲东非莫桑比克贝拉, "BEIRA(贝拉)"
Nacala, [NACALA|MZMNC|东非], 非洲东非莫桑比克纳卡拉, "NACALA(纳卡拉)"
Maputo, [MAPUTO|MZMPM|东非], 非洲东非莫桑比克马普托, "MAPUTO(马普托)"
Le Port (Reunion), [REUNION|REREU|东非], 非洲东非留尼汪留尼汪, "REUNION,REUNION(留尼汪,留尼汪)"
Berbera, [BERBERA|SOBBO|东非], 非洲东非索马里柏培拉, "BERBERA(柏培拉)"
Dar es Salaam, [DAR ES SALAAM|TZDAR|东非], 非洲东非坦桑尼亚达累斯萨拉姆, "DAR ES SALAAM(达累斯萨拉姆)"
Mtwara, [MTWARA|TZMYW|东非], 非洲东非坦桑尼亚姆特瓦拉, "MTWARA(姆特瓦拉)"
Cape Town, [CAPE TOWN|ZACPT|南非], 非洲南非南非开普敦, "CAPE TOWN(开普敦)"
Durban, [DURBAN|ZADUR|南非], 非洲南非南非德班, "DURBAN(德班)"
Coega (Ngqura), [PORT ELIZABETH--COEGA|ZAZBA|南非], 非洲南非南非库哈, "PORT ELIZABETH--COEGA(库哈)"
Luanda, [LUANDA|AOLAD|西非], 非洲西非安哥拉罗安达, "LUANDA(罗安达)"
Lobito, [LOBITO AO|AOLOB|西非], 非洲西非安哥拉洛比托, "LOBITO,AO(洛比托)"
Cotonou, [COTONOU|BJCOO|西非], 非洲西非贝宁科托努, "COTONOU(科托努)"
Matadi, [MATADI|CDMAT|西非], 非洲西非刚果马塔迪, "MATADI(马塔迪)"
Pointe Noire, [POINTE NOIRE|CGPNR|西非], 非洲西非刚果黑角, "POINTE NOIRE(黑角)"
Abidjan, [ABIDJAN|CIABJ|西非], 非洲西非科特迪瓦阿比让, "ABIDJAN(阿比让)"
Douala, [DOUALA|CMDLA|西非], 非洲西非喀麦隆杜阿拉, "DOUALA(杜阿拉)"
Kribi, [KRIBI|CMKBI|西非], 非洲西非喀麦隆克里比, "KRIBI(克里比)"
Tema, [TEMA|GHTEM|西非], 非洲西非加纳特马, "TEMA(特马)"
Conakry, [CONAKRY|GNCKY|西非], 非洲西非几内亚科纳克里, "CONAKRY(科纳克里)"
Monrovia, [MONROVIA|LRMLW|西非], 非洲西非利比里亚蒙罗维亚, "MONROVIA(蒙罗维亚)"
Walvis Bay, [WALVIS BAY|NAWVB|西非], 非洲西非纳米比亚鲸湾港, "WALVIS BAY(鲸湾港)"
Lekki, [LAGOS--LEKKI|NGLKK|西非], 非洲西非尼日利亚拉各斯--莱基, "LAGOS--LEKKI(拉各斯--莱基)"
Lagos, [LAGOS|NGLOS|西非], 非洲西非尼日利亚拉各斯, "LAGOS(拉各斯)"
Onne, [ONNE|NGONN|西非], 非洲西非尼日利亚奥纳, "ONNE(奥纳)"
Freetown, [FREETOWN|SLFNA|西非], 非洲西非塞拉利昂弗里敦, "FREETOWN(弗里敦)"
Dakar, [DAKAR|SNDKR|西非], 非洲西非塞内加尔达喀尔, "DAKAR(达喀尔)"
Lome, [LOME|TGLFW|西非], 非洲西非多哥洛美, "LOME(洛美)"
Muara (Brunei Darussalam), [MUARA|BNMUA|新马越泰], 东南亚新马越泰文莱麻拉, "MUARA(麻拉)"
Sihanoukville, [SIHANOUKVILLE|KHKOS|新马越泰], 东南亚新马越泰柬埔寨西哈努克, "SIHANOUKVILLE(西哈努克)"
Phnom Penh, [PHNOM PENH|KHPNH|新马越泰], 东南亚新马越泰柬埔寨金边, "PHNOM PENH(金边)"
Yangon, [YANGON|MMRGN|新马越泰], 东南亚新马越泰缅甸仰光, "YANGON(仰光)"
Kota Kinabalu, [KOTA KINABALU|MYBKI|新马越泰], 东南亚新马越泰马来西亚哥打基纳巴卢, "KOTA KINABALU(哥打基纳巴卢)"
Bintulu, [BINTULU|MYBTU|新马越泰], 东南亚新马越泰马来西亚民都鲁, "BINTULU(民都鲁)"
Kuching, [KUCHING|MYKCH|新马越泰], 东南亚新马越泰马来西亚古晋, "KUCHING(古晋)"
Kuantan, [KUANTAN|MYKUA|新马越泰], 东南亚新马越泰马来西亚关丹, "KUANTAN(关丹)"
Labuan, [LABUAN|MYLBU|新马越泰], 东南亚新马越泰马来西亚纳闽岛, "LABUAN(纳闽岛)"
Malacca, [MALACCA|MYMKZ|新马越泰], 东南亚新马越泰马来西亚马六甲, "MALACCA(马六甲)"
Miri, [MIRI|MYMYY|新马越泰], 东南亚新马越泰马来西亚米里, "MIRI(米里)"
Penang, [PENANG|MYPEN|新马越泰], 东南亚新马越泰马来西亚槟城, "PENANG(槟城)"
Pasir Gudang, [PASIR GUDANG|MYPGU|新马越泰], 东南亚新马越泰马来西亚巴西古单, "PASIR GUDANG(巴西古单)"
Port Kelang, [PORT KELANG|MYPKG|新马越泰], 东南亚新马越泰马来西亚巴生港, "PORT KELANG(巴生港)"
Port Kelang West, [PORT KELANG WEST|MYWSP|新马越泰], 东南亚新马越泰马来西亚巴生西, "PORT KELANG W(巴生西)"
Port Kelang North, [PORT KELANG NORTH|MYLPK|新马越泰], 东南亚新马越泰马来西亚巴生北, "PORT KELANG N(巴生北)"
Sibu, [SIBU|MYSBW|新马越泰], 东南亚新马越泰马来西亚泗务, "SIBU(泗务)"
Sandakan, [SANDAKAN|MYSDK|新马越泰], 东南亚新马越泰马来西亚山打根, "SANDAKAN(山打根)"
Tanjung Pelepas, [TANJUNG PELEPAS|MYTPP|新马越泰], 东南亚新马越泰马来西亚丹戎帕拉帕斯, "TANJUNG PELEPAS(丹戎帕拉帕斯)"
Tawau, [TAWAU|MYTWU|新马越泰], 东南亚新马越泰马来西亚斗湖, "TAWAU(斗湖)"
Singapore, [SINGAPORE|SGSIN|新马越泰], 东南亚新马越泰新加坡新加坡, "SINGAPORE(新加坡)"
Bangkok, [BANGKOK|THBKK|新马越泰], 东南亚新马越泰泰国曼谷, "BANGKOK(曼谷)"
Laem Chabang, [LAEM CHABANG|THLCH|新马越泰], 东南亚新马越泰泰国林查班, "LAEM CHABANG(林查班)"
Lat Krabang, [LAT KRABANG|THLKR|新马越泰], 东南亚新马越泰泰国莱卡邦, "LAT KRABANG(莱卡邦)"
Songkhla, [SONGKHLA|THSGZ|新马越泰], 东南亚新马越泰泰国宋卡, "SONGKHLA(宋卡)"
Sri Racha, [SI RACHA|THSRI|新马越泰], 东南亚新马越泰泰国是拉差, "SI RACHA(是拉差)"
Chu Lai, [CHU LAI|VNC8Q|新马越泰], 东南亚新马越泰越南茱莱, "CHU LAI(茱莱)"
Cai Lan, [CAI LAN|VNCLN|新马越泰], 东南亚新马越泰越南蔡兰港, "CAI LAN(蔡兰港)"
Vinh, [CUA LO|VNCUA|新马越泰], 东南亚新马越泰越南荣市, "VINH(荣市)"
Da Nang, [DANANG|VNDAD|新马越泰], 东南亚新马越泰越南岘港, "DA NANG(岘港)"
Dong Nai, [DONG NAI|VNDNA|新马越泰], 东南亚新马越泰越南胡志明同奈港, "DONG NAI(同奈)"
Haiphong, [HAIPHONG|VNHPH|新马越泰], 东南亚新马越泰越南海防, "HAIPHONG(海防)"
Nghi Son, [NGHI SON|VNNGH|新马越泰], 东南亚新马越泰越南一山港, "NGHI SON(宜山)"
Ho Chi Minh City, [HOCHIMINH|VNSGN|新马越泰], 东南亚新马越泰越南胡志明, "HOCHIMINH(胡志明)"
Cai Mep, [CAI MEP|VNTOT|新马越泰], 东南亚新马越泰越南盖梅港, "CAI MEP,VUNG TAU(盖梅港,头顿)"
Qui Nhon, [QUI NHON|VNUIH|新马越泰], 东南亚新马越泰越南归仁港, "QUI NHON(归仁)"
Benete, [BENETE BAY|IDBEN|印尼菲律宾], 东南亚印尼菲律宾印度尼西亚贝尼塔, "BENETE BAY(贝尼塔)"
Belawan, [BELAWAN|IDBLW|印尼菲律宾], 东南亚印尼菲律宾印度尼西亚乌拉湾, "BELAWAN(乌拉湾)"
Batam Island, [BATAM|IDBTM|印尼菲律宾], 东南亚印尼菲律宾印度尼西亚巴淡, "BATAM(巴淡)"
Dumai, [DUMAI|IDDUM|印尼菲律宾], 东南亚印尼菲律宾印度尼西亚杜迈, "DUMAI(杜迈)"
Futong, [PELABUHAN FUTONG TERMINAL|IDFTG|印尼菲律宾], 东南亚印尼菲律宾印度尼西亚富通港, "FUTONG(富通港)"
Jakarta (Tanjung Priok), [JAKARTA|IDJKT|印尼菲律宾], 东南亚印尼菲律宾印度尼西亚雅加达, "JAKARTA(雅加达)"
Kupang, [KUPANG|IDKOE|印尼菲律宾], 东南亚印尼菲律宾印度尼西亚古邦, "KUPANG(古邦)"
Kualatanjung, [KUALA TANJUNG|IDKTJ|印尼菲律宾], 东南亚印尼菲律宾印度尼西亚瓜拉丹戎, "KUALA TANJUNG(瓜拉丹戎)"
Lamongan, [LAMONGAN|IDLAM|印尼菲律宾], 东南亚印尼菲律宾印度尼西亚拉蒙安, "LAMONGAN(拉蒙安)"
Ujung Pandang (aka Makassar), [MAKASSAR|IDMAK|印尼菲律宾], 东南亚印尼菲律宾印度尼西亚望加锡, "MAKASSAR(望加锡)"
Palembang, [PALEMBANG|IDPLM|印尼菲律宾], 东南亚印尼菲律宾印度尼西亚巨港, "PALEMBANG(巨港)"
Panjang, [PANJANG|IDPNJ|印尼菲律宾], 东南亚印尼菲律宾印度尼西亚潘江, "PANJANG(潘江)"
Pontianak, [PONTIANAK|IDPNK|印尼菲律宾], 东南亚印尼菲律宾印度尼西亚坤甸, "PONTIANAK(坤甸)"
Semarang, [SEMARANG|IDSRG|印尼菲律宾], 东南亚印尼菲律宾印度尼西亚三宝垄, "SEMARANG(三宝垄)"
Tanjung Perak (Surabaya), [SURABAYA|IDSUB|印尼菲律宾], 东南亚印尼菲律宾印度尼西亚泗水, "SURABAYA(泗水)"
Bacolod, [BACOLOD|PHBCD|印尼菲律宾], 东南亚印尼菲律宾菲律宾巴科洛德, "BACOLOD(巴科洛德)"
Batangas, [BATANGAS|PHBTG|印尼菲律宾], 东南亚印尼菲律宾菲律宾八打雁, "BATANGAS(八打雁)"
Cebu, [CEBU|PHCEB|印尼菲律宾], 东南亚印尼菲律宾菲律宾宿务, "CEBU(宿务)"
Cagayan De Oro, [CAGAYAN|PHCGY|印尼菲律宾], 东南亚印尼菲律宾菲律宾卡加延, "CAGAYAN(卡加延)"
Tagoloan (Cagayan Area), [CAGAYAN|PHCGY|印尼菲律宾], 东南亚印尼菲律宾菲律宾塔戈洛安, "TAGOLOAN(塔戈洛安)"
Culasi (Roxas City), [CULASI|PHCSI|印尼菲律宾], 东南亚印尼菲律宾菲律宾库拉西, "CULASI(库拉西)"
Iloilo City, [ILOILO|PHCTB|印尼菲律宾], 东南亚印尼菲律宾菲律宾伊洛伊洛, "ILOILO(伊洛伊洛)"
Davao, [DAVAO|PHDVO|印尼菲律宾], 东南亚印尼菲律宾菲律宾达沃, "DAVAO(达沃)"
Panabo (Davao Area), [DAVAO|PHDVO|印尼菲律宾], 东南亚印尼菲律宾菲律宾帕纳博, "PANABO(帕纳博)"
General Santos City, [GENERAL SANTOS|PHGES|印尼菲律宾], 东南亚印尼菲律宾菲律宾将军城, "GENERAL SANTOS(将军城)"
Iligan, [ILIGAN|PHIGN|印尼菲律宾], 东南亚印尼菲律宾菲律宾伊利甘, "ILIGAN(伊利甘)"
Manila, [MANILA|PHMNL|印尼菲律宾], 东南亚印尼菲律宾菲律宾马尼拉, "MANILA(马尼拉)"
Manila South, [MANILA SOUTH|PHMNS|印尼菲律宾], 东南亚印尼菲律宾菲律宾马尼拉南, "MANILA S(马尼拉南)"
Manila North, [MANILA NORTH|PHMNN|印尼菲律宾], 东南亚印尼菲律宾菲律宾马尼拉北, "MANILA N(马尼拉北)"
Puerto Princesa, [PALAWAN|PHPPS|印尼菲律宾], 东南亚印尼菲律宾菲律宾公主港, "PUERTO PRINCESA(公主港)"
Subic Bay, [SUBIC BAY|PHSFS|印尼菲律宾], 东南亚印尼菲律宾菲律宾苏比克湾, "SUBIC BAY(苏比克湾)"
Tagbilaran, [TAGBILARAN|PHTAG|印尼菲律宾], 东南亚印尼菲律宾菲律宾塔比拉兰, "TAGBILARAN(塔比拉兰)"
Zamboanga, [ZAMBOANGA|PHZAM|印尼菲律宾], 东南亚印尼菲律宾菲律宾三宝颜, "ZAMBOANGA(三宝颜)"
Hong Kong, [HONG KONG|HKHKG|中国香港], 东南亚中国香港中国香港, "HONG KONG(香港)"
Keelung, [KEELUNG TAIWAN|TWKEL|中国台湾], 东南亚中国台湾中国台湾基隆, "KEELUNG(基隆)"
Kaohsiung, [KAOHSIUNG TAIWAN|TWKHH|中国台湾], 东南亚中国台湾中国台湾高雄, "KAOHSIUNG(高雄)"
Taipei, [TAIPEI TAIWAN|TWTPE|中国台湾], 东南亚中国台湾中国台湾台北, "TAIPEI(台北)"
Taichung, [TAICHUNG TAIWAN|TWTXG|中国台湾], 东南亚中国台湾中国台湾台中, "TAICHUNG(台中)"
Bayuquan, [BAYUQUAN|CNBYQ|中国], 东北亚中国中国鲅鱼圈, "BAYUQUAN(鲅鱼圈)"
Changshu, [CHANGSHU|CNCGS|中国], 东北亚中国中国常熟, "CHANGSHU(常熟)"
Chiwan (Shenzhen), [CHIWAN|CNCWN|中国], 东北亚中国中国赤湾, "CHIWAN(赤湾)"
Dachan Bay (Shenzhen), [DA CHAN BAY|CNDCB|中国], 东北亚中国中国大铲湾, "DA CHAN BAY(大铲湾)"
Dandong Port, [DANDONG|CNDDG|中国], 东北亚中国中国丹东, "DANDONG(丹东)"
Dafeng, [DAFENG|CNDFG|中国], 东北亚中国中国大丰, "DAFENG(大丰)"
Dongguan, [DONGGUAN|CNDGG|中国], 东北亚中国中国东莞, "DONGGUAN(东莞)"
Dongjiakou, [DONGJIAKOU|CNDJA|中国], 东北亚中国中国董家口, "DONGJIAKOU(董家口)"
Dalian, [DALIAN|CNDLC|中国], 东北亚中国中国大连, "DALIAN(大连)"
Fuzhou (incl Fuqing), [FUZHOU|CNFOC|中国], 东北亚中国中国福州, "FUZHOU(福州)"
Gaogang, [GAOGANG|CNGAO|中国], 东北亚中国中国高港, "GAOGANG(高港)"
Guangzhou, [GUANGZHOU|CNGZG|中国], 东北亚中国中国广州, "GUANGZHOU(广州)"
Huanghua, [HUANGHUA|CNHUH|中国], 东北亚中国中国黄骅, "HUANGHUA(黄骅)"
Jiangyin, [JIANGYIN|CNJIA|中国], 东北亚中国中国江阴, "JIANGYIN(江阴)"
Lianyungang, [LIANYUNGANG JIANGSU|CNLYG|中国], 东北亚中国中国连云港, "LIANYUNGANG(连云港)"
Ningbo (incl Zhoushan), [NINGBO|CNNGB|中国], 东北亚中国中国宁波, "NINGBO(宁波)"
Nanjing, [NANJING JIANGSU|CNNJG|中国], 东北亚中国中国南京, "NANJING(南京)"
Nansha, [NANSHA|CNNSA|中国], 东北亚中国中国南沙, "NANSHA(广州南沙)"
Nantong, [NANTONG JIANGSU|CNNTG|中国], 东北亚中国中国南通, "NANTONG(南通)"
Jinjing (and all of Pingtan Island), [PINGTAN|CNPTJ|中国], 东北亚中国中国平潭, "PINGTAN(平潭)"
Qidong, [QIDONG|CNQID|中国], 东北亚中国中国启东, "QIDONG(启东)"
Qinzhou, [QINZHOU|CNQZH|中国], 东北亚中国中国钦州, "QINZHOU(钦州)"
Quanzhou, [QUANZHOU|CNQZL|中国], 东北亚中国中国泉州, "QUANZHOU(泉州)"
Rizhao, [RIZHAO SHANDONG|CNRZH|中国], 东北亚中国中国日照, "RIZHAO(日照港)"
Shanghai, [SHANGHAI|CNSHA|中国], 东北亚中国中国上海, "SHANGHAI(上海)"
Shidao, [SHIDAO|CNSHD|中国], 东北亚中国中国石岛, "SHIDAO(石岛)"
Shekou, [SHEKOU|CNSHK|中国], 东北亚中国中国蛇口, "SHEKOU(蛇口)"
Shekou (Shenzhen), [SHEKOU|CNSHK|中国], 东北亚中国中国蛇口, "SHEKOU(蛇口)"
Qinhuangdao, [QINHUANGDAO|CNSHP|中国], 东北亚中国中国秦皇岛, "QINHUANGDAO(秦皇岛)"
Shantou, [SHANTOU|CNSTG|中国], 东北亚中国中国汕头, "SHANTOU(汕头)"
Taicang, [TAICANG JIANGSU|CNTAC|中国], 东北亚中国中国太仓, "TAICANG(太仓)"
Qingdao, [QINGDAO SHANDONG|CNTAO|中国], 东北亚中国中国青岛, "QINGDAO(青岛)"
Tangshan (Jin Tang Port), [JINTANG|CNTGS|中国], 东北亚中国中国唐山, "TANGSHAN(唐山)"
Tianjin, [TIANJIN|CNTXG|中国], 东北亚中国中国天津, "TIANJIN(天津)"
Weifang, [WEIFANG|CNWEF|中国], 东北亚中国中国潍坊, "WEIFANG(潍坊)"
Weihai, [WEIHAI|CNWEI|中国], 东北亚中国中国威海, "WEIHAI(威海)"
Wuhan, [WUHAN|CNWHG|中国], 东北亚中国中国武汉, "WUHAN(武汉)"
Wuhu, [WUHU|CNWHI|中国], 东北亚中国中国芜湖, "WUHU(芜湖)"
Wenzhou, [WENZHOU|CNWNZ|中国], 东北亚中国中国温州, "WENZHOU(温州)"
Xiamen, [XIAMEN|CNXMN|中国], 东北亚中国中国厦门, "XIAMEN(厦门)"
Yingkou, [YINGKOU|CNYIK|中国], 东北亚中国中国营口, "YINGKOU(营口)"
Yangpu (Hainan), [YANGPU|CNYPG|中国], 东北亚中国中国洋浦, "YANGPUGANG(洋浦港)"
Yantai, [YANTAI|CNYTG|中国], 东北亚中国中国烟台, "YANTAIGANG(烟台港)"
Yantian (Shenzhen), [YANTIAN|CNYTN|中国], 东北亚中国中国盐田, "YANTIAN(盐田)"
Zhangjiagang, [ZHANGJIAGANG JIANGSU|CNZJG|中国], 东北亚中国中国张家港, "ZHANGJIAGANG(张家港)"
Zhanjiang, [ZHANJIANG|CNZNG|中国], 东北亚中国中国湛江, "ZHANJIANG(湛江)"
Zhuhai (Gaolan), [ZHUHAI|CNZUH|中国], 东北亚中国中国珠海, "ZHUHAI(珠海)"
Busan New Port, [BUSAN NEW PORT|KRBNP|韩国], 东北亚韩国韩国釜山新港, "BUSAN NEW PORT(釜山新港)"
Jeju, [JEJU|KRCHA|韩国], 东北亚韩国韩国济州, "JEJU(济州)"
Incheon, [INCHON|KRINC|韩国], 东北亚韩国韩国仁川, "INCHON(仁川)"
Pohang, [POHANG|KRKPO|韩国], 东北亚韩国韩国浦项, "POHANG(浦项)"
Gunsan, [GUSAN|KRKUV|韩国], 东北亚韩国韩国群山, "GUNSAN(群山)"
Kwangyang, [KWANGYANG|KRKWA|韩国], 东北亚韩国韩国光阳, "KWANGYANG(光阳)"
Masan, [MASAN|KRMAS|韩国], 东北亚韩国韩国马山, "MASAN(马山)"
Mokpo, [MOKPO|KRMOK|韩国], 东北亚韩国韩国木浦, "MOKPO(木浦)"
Pyeongtaek, [PYEONGTAEK|KRPTK|韩国], 东北亚韩国韩国平泽, "PYEONGTAEK(平泽)"
Busan, [BUSAN|KRPUS|韩国], 东北亚韩国韩国釜山, "BUSAN(釜山)"
Daesan, [DAESAN|KRTSN|韩国], 东北亚韩国韩国大山, "DAESAN(大山)"
Ulsan, [ULSAN|KRUSN|韩国], 东北亚韩国韩国蔚山, "ULSAN(蔚山)"
Chiba, [CHIBA|JPCHB|关东], 东北亚关东日本千叶, "CHIBA(千叶)"
Hitachinaka, [HITACHINAKA|JPHIC|关东], 东北亚关东日本日立内, "HITACHINAKA(日立内)"
Kashima, [KASHIMA|JPKSM|关东], 东北亚关东日本鹿岛, "KASHIMA(鹿岛)"
Kawasaki, [KAWASAKI|JPKWS|关东], 东北亚关东日本川崎, "KAWASAKI(川崎)"
Nagoya, [NAGOYA|JPNGO|关东], 东北亚关东日本名古屋, "NAGOYA(名古屋)"
Shimizu, [SHIMIZU|JPSMZ|关东], 东北亚关东日本清水, "SHIMIZU(清水)"
Shinagawa (Tokyo), [TOKYO|JPTYO|关东], 东北亚关东日本东京, "TOKYO(东京)"
Tokyo, [TOKYO|JPTYO|关东], 东北亚关东日本东京, "TOKYO(东京)"
Yokohama (Honmoku), [YOKOHAMA|JPYOK|关东], 东北亚关东日本横滨, "YOKOHAMA(横滨)"
Maizuru, [MAIZURU|JPMAI|关西], 东北亚关西日本舞鹤, "MAIZURU(舞鹤)"
Osaka, [OSAKA|JPOSA|关西], 东北亚关西日本大阪, "OSAKA(大阪)"
Sakaisenboku, [SAKAISENBOKU|JPSSK|关西], 东北亚关西日本界泉北, "SAKAISENBOKU(界泉北)"
Kobe, [KOBE|JPUKB|关西], 东北亚关西日本神户, "KOBE(神户)"
Wakayama, [WAKAYAMA|JPWAK|关西], 东北亚关西日本和歌山, "WAKAYAMA(和歌山)"
Yokkaichi, [YOKKAICHI|JPYKK|关西], 东北亚关西日本四日市, "YOKKAICHI(四日市)"
Fukuyama, [FUKUYAMA|JPFKY|关西/濑户内海], 东北亚关西濑户内海日本福山, "FUKUYAMA(福山)"
Hiroshima (Greater Area), [HIROSHIMA|JPHIJ|关西/濑户内海], 东北亚关西濑户内海日本广岛, "HIROSHIMA(广岛)"
Kaita (Hiroshima), [HIROSHIMA|JPHIJ|关西/濑户内海], 东北亚关西濑户内海日本广岛, "HIROSHIMA(广岛)"
Mizushima, [MIZUSHIMA|JPMIZ|关西/濑户内海], 东北亚关西濑户内海日本水岛, "MIZUSHIMA(水岛)"
Takamatsu, [TAKAMATSU|JPTAK|关西/濑户内海], 东北亚关西濑户内海日本高松, "TAKAMATSU(高松)"
Tokushima, [TOKUSHIMA|JPTKS|关西/濑户内海], 东北亚关西濑户内海日本德岛, "TOKUSHIMA(德岛)"
Tokuyama, [TOKUYAMA|JPTKY|关西/濑户内海], 东北亚关西濑户内海日本德山, "TOKUYAMA(德山)"
Hyuga (incl. Hosojima), [HOSOSHIMA|JPHSM|九州], 东北亚九州日本细岛, "HYUGA(日向)"
Hakata, [HAKATA|JPHTD|九州], 东北亚九州日本博多, "HAKATA(博多)"
Imari, [IMARI|JPIMI|九州], 东北亚九州日本伊万里, "IMARI(伊万里)"
Kumamoto, [KUMAMOTO|JPKMJ|九州], 东北亚九州日本熊本, "KUMAMOTO(熊本)"
Kagoshima, [KAGOSHIMA|JPKOJ|九州], 东北亚九州日本鹿儿岛, "KAGOSHIMA(鹿儿岛)"
Moji, [MOJI|JPMOJ|九州], 东北亚九州日本门司, "MOJI(门司)"
Nagasaki, [NAGASAKI|JPNGS|九州], 东北亚九州日本长崎, "NAGASAKI(长崎)"
Oita, [OITA|JPOIT|九州], 东北亚九州日本大分, "OITA(大分)"
Shibushi, [SHIBUSHI|JPSBS|九州], 东北亚九州日本志布志, "SHIBUSHI(志布志)"
Satsumasendai, [SATSUMASENDAI|JPSDI|九州], 东北亚九州日本萨摩川内市, "SATSUMASENDAI(萨摩川内市)"
Tobata (aka Kitakyushu), [TOBATA|JPTBT|九州], 东北亚九州日本户细, "TOBATA(户细)"
Yatsushiro, [YATSUSHIRO|JPYAT|九州], 东北亚九州日本八代, "YATSUSHIRO(八代)"
Akita, [AKITA|JPAXT|本州], 东北亚本州日本秋田, "AKITA(秋田)"
Hachinohe, [HACHINOHE|JPHHE|本州], 东北亚本州日本八户, "HACHINOHE(八户)"
Imazu, [IWAKUNI|JPIWK|本州], 东北亚本州日本岩国, "IWAKUNI(岩国)"
Niigata, [NIIGATA|JPKIJ|本州], 东北亚本州日本新泻, "NIIGATA(新泻)"
Kamaishi, [KAMAISHI|JPKIS|本州], 东北亚本州日本釜石, "KAMAISHI(釜石)"
Kanazawa, [KANAZAWA|JPKNZ|本州], 东北亚本州日本金泽, "KANAZAWA(金泽)"
Hirara (Miyako Island), [MIYAKO|JPMYK|本州], 东北亚本州日本宫古岛, "HIRARA(宫古岛)"
Hofu, [NAKANOSEKI|JPNAN|本州], 东北亚本州日本中关, "NAKANOSEKI(中关)"
Naoetsu, [NAOETSU|JPNAO|本州], 东北亚本州日本直江津, "NAOETSU(直江津)"
Omaezaki, [OMAEZAKI|JPOMZ|本州], 东北亚本州日本御前, "OMAEZAKI(御前)"
Onahama, [ONAHAMA|JPONA|本州], 东北亚本州日本小名滨, "ONAHAMA(小名滨)"
Sendai (Miyagi), [SENDAI|JPSDJ|本州], 东北亚本州日本仙台, "SENDAI(仙台)"
Shimonoseki, [SHIMONOSEKI|JPSHS|本州], 东北亚本州日本下关, "SHIMONOSEKI(下关)"
Sakata, [SAKATA|JPSKT|本州], 东北亚本州日本酒田, "SAKATA(酒田)"
Sakaiminato, [SAKAIMINATO|JPSMN|本州], 东北亚本州日本境港, "SAKAIMINATO(境港)"
Toyohashi, [TOYOHASHI|JPTHS|本州], 东北亚本州日本丰桥, "TOYOHASHI(丰桥)"
Toyama, [TOYAMA|JPTOY|本州], 东北亚本州日本富山, "TOYAMA(富山)"
Tsuruga, [TSURUGA|JPTRG|本州], 东北亚本州日本敦贺, "TSURUGA(敦贺)"
Ube, [UBE|JPUBJ|本州], 东北亚本州日本宇部, "UBE(宇部)"
Imabari, [IMABARI|JPIMB|四国岛], 东北亚四国岛日本今治, "IMABARI(今治)"
Kawanoe (Iyomishima), [IYOMISHIMA|JPIYM|四国岛], 东北亚四国岛日本伊予三岛, "IYOMISHIMA(伊予三岛)"
Kochi (Japan), [KOCHI|JPKCZ|四国岛], 东北亚四国岛日本高知, "KOCHI(高知)"
Komatsushima, [KOMATSUSHIMA|JPKOM|四国岛], 东北亚四国岛日本小松岛, "KOMATSUSHIMA(小松岛)"
Matsuyama, [MATSUYAMA|JPMYJ|四国岛], 东北亚四国岛日本松山, "MATSUYAMA(松山)"
Kushiro, [KUSHIRO|JPKUH|北海道], 东北亚北海道日本钏路, "KUSHIRO(钏路)"
Muroran, [MURORAN|JPMUR|北海道], 东北亚北海道日本室兰, "MURORAN(室兰)"
Otaru, [OTARU|JPOTR|北海道], 东北亚北海道日本小樽, "OTARU(小樽)"
Sapporo, [SAPPORO|JPSPK|北海道], 东北亚北海道日本札幌, "SAPPORO(札幌)"
Tomakomai, [TOMAKOMAI|JPTMK|北海道], 东北亚北海道日本占小牧, "TOMAKOMAI(苫小牧)"
Ishigaki, [ISHIGAKI|JPISG|冲绳], 东北亚冲绳日本石垣岛, "ISHIGAKI(石垣岛)"
Naha, [NAHA|JPNAH|冲绳], 东北亚冲绳日本那霸, "NAHA(那霸)"
Okinawa, [OKINAWA|JPOKA|冲绳], 东北亚冲绳日本冲绳, "OKINAWA(冲绳)"
Anadyr, [ANADYR|RUDYR|远东], 东北亚远东俄罗斯阿纳德尔, "ANADYR(阿纳德尔)"
Egvekinot, [EGVEKINOT|RUEGV|远东], 东北亚远东俄罗斯埃格韦基诺特, "EGVEKINOT(埃格韦基诺特)"
Magadan, [MAGADAN|RUGDX|远东], 东北亚远东俄罗斯马加丹, "MAGADAN(马加丹)"
Korsakov, [KORSAKOV|RUKOR|远东], 东北亚远东俄罗斯科尔萨科夫, "KORSAKOV(科尔萨科夫)"
Nakhodka, [NAKHODKA|RUNJK|远东], 东北亚远东俄罗斯纳霍德卡, "NAKHODKA(纳霍德卡)"
Petropavlovsk-Kamtchatskiy, [PETROPAVLOVSK-KAMCHATSKIY|RUPKC|远东], 东北亚远东俄罗斯勘察加彼得罗巴甫洛夫斯克, "PETROPAVLOVSK-KAMCHATSKIY(勘察加彼得罗巴甫洛夫斯克)"
Vanino, [VANINO|RUVNN|远东], 东北亚远东俄罗斯瓦尼诺, "VANINO(瓦尼诺)"
Vladivostok, [VLADIVOSTOK|RUVVO|远东], 东北亚远东俄罗斯海参崴, "VLADIVOSTOK(海参崴)"
Vostochny, [VOSTOCHNY|RUVYP|远东], 东北亚远东俄罗斯东方港, "VOSTOCHNY(东方港)"